RUsi7,global,128,1,0.02432
RUsi7,global,128,1,0.023072
RUsi7,global,128,1,0.023008
RUsi7,global,128,1,0.022592
RUsi7,global,128,1,0.022688
RUsi7,global,128,1,0.023936
RUsi7,global,128,1,0.024064
RUsi7,global,128,1,0.023616
RUsi7,global,128,2,0.023488
RUsi7,global,128,2,0.023296
RUsi7,global,128,2,0.024544
RUsi7,global,128,2,0.023072
RUsi7,global,128,2,0.023808
RUsi7,global,128,2,0.023488
RUsi7,global,128,2,0.024256
RUsi7,global,128,2,0.024224
RUsi7,global,128,4,0.023296
RUsi7,global,128,4,0.02224
RUsi7,global,128,4,0.024832
RUsi7,global,128,4,0.023552
RUsi7,global,128,4,0.022656
RUsi7,global,128,4,0.022688
RUsi7,global,128,4,0.023584
RUsi7,global,128,4,0.023424
RUsi7,global,128,8,0.02512
RUsi7,global,128,8,0.023136
RUsi7,global,128,8,0.022592
RUsi7,global,128,8,0.023168
RUsi7,global,128,8,0.023776
RUsi7,global,128,8,0.024064
RUsi7,global,128,8,0.023296
RUsi7,global,128,8,0.024064
RUsi7,global,128,16,0.024704
RUsi7,global,128,16,0.025856
RUsi7,global,128,16,0.025728
RUsi7,global,128,16,0.024544
RUsi7,global,128,16,0.02496
RUsi7,global,128,16,0.025408
RUsi7,global,128,16,0.026176
RUsi7,global,128,16,0.02448
RUsi7,global,128,32,0.02928
RUsi7,global,128,32,0.029312
RUsi7,global,128,32,0.029984
RUsi7,global,128,32,0.029824
RUsi7,global,128,32,0.028896
RUsi7,global,128,32,0.028064
RUsi7,global,128,32,0.028416
RUsi7,global,128,32,0.028672
RUsi7,global,128,64,0.037344
RUsi7,global,128,64,0.03744
RUsi7,global,128,64,0.038368
RUsi7,global,128,64,0.038048
RUsi7,global,128,64,0.03696
RUsi7,global,128,64,0.036832
RUsi7,global,128,64,0.037344
RUsi7,global,128,64,0.036896
RUsi7,shared,128,1,0.023488
RUsi7,shared,128,1,0.02304
RUsi7,shared,128,1,0.023104
RUsi7,shared,128,1,0.023872
RUsi7,shared,128,1,0.025472
RUsi7,shared,128,1,0.023424
RUsi7,shared,128,1,0.02336
RUsi7,shared,128,1,0.023648
RUsi7,shared,128,2,0.023968
RUsi7,shared,128,2,0.024128
RUsi7,shared,128,2,0.024128
RUsi7,shared,128,2,0.02448
RUsi7,shared,128,2,0.02464
RUsi7,shared,128,2,0.025024
RUsi7,shared,128,2,0.023648
RUsi7,shared,128,2,0.023392
RUsi7,shared,128,4,0.02336
RUsi7,shared,128,4,0.022944
RUsi7,shared,128,4,0.023424
RUsi7,shared,128,4,0.023744
RUsi7,shared,128,4,0.024384
RUsi7,shared,128,4,0.023136
RUsi7,shared,128,4,0.023744
RUsi7,shared,128,4,0.024128
RUsi7,shared,128,8,0.024128
RUsi7,shared,128,8,0.024352
RUsi7,shared,128,8,0.024192
RUsi7,shared,128,8,0.023968
RUsi7,shared,128,8,0.025408
RUsi7,shared,128,8,0.025568
RUsi7,shared,128,8,0.0256
RUsi7,shared,128,8,0.024
RUsi7,shared,128,16,0.027584
RUsi7,shared,128,16,0.027008
RUsi7,shared,128,16,0.026592
RUsi7,shared,128,16,0.028992
RUsi7,shared,128,16,0.02768
RUsi7,shared,128,16,0.028064
RUsi7,shared,128,16,0.026176
RUsi7,shared,128,16,0.027168
RUsi7,shared,128,32,0.038112
RUsi7,shared,128,32,0.037568
RUsi7,shared,128,32,0.03776
RUsi7,shared,128,32,0.038112
RUsi7,shared,128,32,0.039008
RUsi7,shared,128,32,0.039104
RUsi7,shared,128,32,0.037088
RUsi7,shared,128,32,0.037632
RUsi7,shared,128,64,0.054912
RUsi7,shared,128,64,0.056448
RUsi7,shared,128,64,0.055424
RUsi7,shared,128,64,0.055488
RUsi7,shared,128,64,0.05408
RUsi7,shared,128,64,0.05472
RUsi7,shared,128,64,0.05472
RUsi7,shared,128,64,0.054848
RUsi7,register,128,1,0.022528
RUsi7,register,128,1,0.02272
RUsi7,register,128,1,0.022944
RUsi7,register,128,1,0.022944
RUsi7,register,128,1,0.02288
RUsi7,register,128,1,0.025728
RUsi7,register,128,1,0.023168
RUsi7,register,128,1,0.02304
RUsi7,register,128,2,0.022464
RUsi7,register,128,2,0.023008
RUsi7,register,128,2,0.023552
RUsi7,register,128,2,0.022528
RUsi7,register,128,2,0.023584
RUsi7,register,128,2,0.02304
RUsi7,register,128,2,0.024096
RUsi7,register,128,2,0.02464
RUsi7,register,128,4,0.023648
RUsi7,register,128,4,0.024256
RUsi7,register,128,4,0.024064
RUsi7,register,128,4,0.023776
RUsi7,register,128,4,0.02256
RUsi7,register,128,4,0.022592
RUsi7,register,128,4,0.023424
RUsi7,register,128,4,0.02128
RUsi7,register,128,8,0.024576
RUsi7,register,128,8,0.023552
RUsi7,register,128,8,0.0224
RUsi7,register,128,8,0.024192
RUsi7,register,128,8,0.024064
RUsi7,register,128,8,0.02336
RUsi7,register,128,8,0.024224
RUsi7,register,128,8,0.024416
RUsi7,register,128,16,0.024928
RUsi7,register,128,16,0.025344
RUsi7,register,128,16,0.025088
RUsi7,register,128,16,0.025088
RUsi7,register,128,16,0.02496
RUsi7,register,128,16,0.025024
RUsi7,register,128,16,0.02576
RUsi7,register,128,16,0.026304
RUsi7,register,128,32,0.03008
RUsi7,register,128,32,0.029568
RUsi7,register,128,32,0.029504
RUsi7,register,128,32,0.02944
RUsi7,register,128,32,0.03056
RUsi7,register,128,32,0.02992
RUsi7,register,128,32,0.031008
RUsi7,register,128,32,0.029792
RUsi7,register,128,64,0.036512
RUsi7,register,128,64,0.037984
RUsi7,register,128,64,0.037696
RUsi7,register,128,64,0.038112
RUsi7,register,128,64,0.037728
RUsi7,register,128,64,0.037056
RUsi7,register,128,64,0.03776
RUsi7,register,128,64,0.037696
RUsi7,constant,128,1,0.023584
RUsi7,constant,128,1,0.0232
RUsi7,constant,128,1,0.023264
RUsi7,constant,128,1,0.023008
RUsi7,constant,128,1,0.022976
RUsi7,constant,128,1,0.054688
RUsi7,constant,128,1,0.02384
RUsi7,constant,128,1,0.023872
RUsi7,constant,128,2,0.017344
RUsi7,constant,128,2,0.024352
RUsi7,constant,128,2,0.022368
RUsi7,constant,128,2,0.024448
RUsi7,constant,128,2,0.022944
RUsi7,constant,128,2,0.017792
RUsi7,constant,128,2,0.023744
RUsi7,constant,128,2,0.024384
RUsi7,constant,128,4,0.025024
RUsi7,constant,128,4,0.023616
RUsi7,constant,128,4,0.023232
RUsi7,constant,128,4,0.022624
RUsi7,constant,128,4,0.022496
RUsi7,constant,128,4,0.023104
RUsi7,constant,128,4,0.023808
RUsi7,constant,128,4,0.023616
RUsi7,constant,128,8,0.024672
RUsi7,constant,128,8,0.025024
RUsi7,constant,128,8,0.025312
RUsi7,constant,128,8,0.025632
RUsi7,constant,128,8,0.050624
RUsi7,constant,128,8,0.024832
RUsi7,constant,128,8,0.02544
RUsi7,constant,128,8,0.01984
RUsi7,constant,128,16,0.030976
RUsi7,constant,128,16,0.031488
RUsi7,constant,128,16,0.025696
RUsi7,constant,128,16,0.030752
RUsi7,constant,128,16,0.03056
RUsi7,constant,128,16,0.031136
RUsi7,constant,128,16,0.031328
RUsi7,constant,128,16,0.031776
RUsi7,constant,128,32,0.040224
RUsi7,constant,128,32,0.039456
RUsi7,constant,128,32,0.040448
RUsi7,constant,128,32,0.040256
RUsi7,constant,128,32,0.040096
RUsi7,constant,128,32,0.040192
RUsi7,constant,128,32,0.040384
RUsi7,constant,128,32,0.039552
RUsi7,constant,128,64,0.056896
RUsi7,constant,128,64,0.056448
RUsi7,constant,128,64,0.056864
RUsi7,constant,128,64,0.057024
RUsi7,constant,128,64,0.056864
RUsi7,constant,128,64,0.05664
RUsi7,constant,128,64,0.057536
RUsi7,constant,128,64,0.056288
